id,organisation_unit_id,parent_organisation_unit_id,organisation_unit_level_id
1,2,1,2
2,3,1,2
3,4,1,2
4,5,1,2
5,6,1,2
6,7,1,2
7,8,1,2
8,9,1,2
9,10,1,2
10,11,1,2
11,12,1,2
12,13,1,2
13,14,1,2
14,15,1,2
15,16,1,2
16,17,1,2
17,18,1,2
18,19,1,2
19,20,1,2
20,21,1,2
21,22,1,2
22,23,1,2
23,24,1,2
24,25,1,2
25,26,1,2
26,27,1,2
27,28,1,2
28,29,1,2
29,30,1,2
30,31,1,2
31,32,1,2
32,33,1,2
33,34,1,2
34,35,1,2
35,36,1,2
36,37,1,2
37,38,1,2
38,39,2,3
39,40,2,3
40,41,2,3
41,42,2,3
42,43,2,3
43,44,2,3
44,45,2,3
45,46,2,3
46,47,2,3
47,48,2,3
48,49,2,3
49,50,2,3
50,51,2,3
51,52,2,3
52,53,2,3
53,54,2,3
54,55,2,3
55,56,3,3
56,57,3,3
57,58,3,3
58,59,3,3
59,60,3,3
60,61,3,3
61,62,3,3
62,63,3,3
63,64,3,3
64,65,3,3
65,66,3,3
66,67,3,3
67,68,3,3
68,69,3,3
69,70,3,3
70,71,3,3
71,72,3,3
72,73,3,3
73,74,3,3
74,75,3,3
75,76,3,3
76,77,4,3
77,78,4,3
78,79,4,3
79,80,4,3
80,81,4,3
81,82,4,3
82,83,4,3
83,84,4,3
84,85,4,3
85,86,4,3
86,87,4,3
87,88,4,3
88,89,4,3
89,90,4,3
90,91,4,3
91,92,4,3
92,93,4,3
93,94,4,3
94,95,4,3
95,96,4,3
96,97,4,3
97,98,4,3
98,99,4,3
99,100,4,3
100,101,4,3
101,102,4,3
102,103,4,3
103,104,4,3
104,105,4,3
105,106,4,3
106,107,4,3
107,108,5,3
108,109,5,3
109,110,5,3
110,111,5,3
111,112,5,3
112,113,5,3
113,114,5,3
114,115,5,3
115,116,5,3
116,117,5,3
117,118,5,3
118,119,5,3
119,120,5,3
120,121,5,3
121,122,5,3
122,123,5,3
123,124,5,3
124,125,5,3
125,126,5,3
126,127,5,3
127,128,5,3
128,129,6,3
129,130,6,3
130,131,6,3
131,132,6,3
132,133,6,3
133,134,6,3
134,135,6,3
135,136,6,3
136,137,6,3
137,138,6,3
138,139,6,3
139,140,6,3
140,141,6,3
141,142,6,3
142,143,6,3
143,144,6,3
144,145,6,3
145,146,6,3
146,147,6,3
147,148,6,3
148,149,7,3
149,150,7,3
150,151,7,3
151,152,7,3
152,153,7,3
153,154,7,3
154,155,7,3
155,156,7,3
156,157,8,3
157,158,8,3
158,159,8,3
159,160,8,3
160,161,8,3
161,162,8,3
162,163,8,3
163,164,8,3
164,165,8,3
165,166,8,3
166,167,8,3
167,168,8,3
168,169,8,3
169,170,8,3
170,171,8,3
171,172,8,3
172,173,8,3
173,174,8,3
174,175,8,3
175,176,8,3
176,177,8,3
177,178,8,3
178,179,8,3
179,180,9,3
180,181,9,3
181,182,9,3
182,183,9,3
183,184,9,3
184,185,9,3
185,186,9,3
186,187,9,3
187,188,9,3
188,189,9,3
189,190,9,3
190,191,9,3
191,192,9,3
192,193,9,3
193,194,9,3
194,195,9,3
195,196,9,3
196,197,9,3
197,198,9,3
198,199,9,3
199,200,9,3
200,201,9,3
201,202,9,3
202,203,9,3
203,204,9,3
204,205,9,3
205,206,9,3
206,207,10,3
207,208,10,3
208,209,10,3
209,210,10,3
210,211,10,3
211,212,10,3
212,213,10,3
213,214,10,3
214,215,10,3
215,216,10,3
216,217,10,3
217,218,10,3
218,219,10,3
219,220,10,3
220,221,10,3
221,222,10,3
222,223,10,3
223,224,10,3
224,225,11,3
225,226,11,3
226,227,11,3
227,228,11,3
228,229,11,3
229,230,11,3
230,231,11,3
231,232,11,3
232,233,11,3
233,234,11,3
234,235,11,3
235,236,11,3
236,237,11,3
237,238,11,3
238,239,11,3
239,240,11,3
240,241,11,3
241,242,11,3
242,243,11,3
243,244,11,3
244,245,11,3
245,246,11,3
246,247,11,3
247,248,11,3
248,249,11,3
249,250,12,3
250,251,12,3
251,252,12,3
252,253,12,3
253,254,12,3
254,255,12,3
255,256,12,3
256,257,12,3
257,258,12,3
258,259,12,3
259,260,12,3
260,261,12,3
261,262,12,3
262,263,13,3
263,264,13,3
264,265,13,3
265,266,13,3
266,267,13,3
267,268,13,3
268,269,13,3
269,270,13,3
270,271,13,3
271,272,13,3
272,273,13,3
273,274,13,3
274,275,13,3
275,276,13,3
276,277,13,3
277,278,13,3
278,279,13,3
279,280,13,3
280,281,14,3
281,282,14,3
282,283,14,3
283,284,14,3
284,285,14,3
285,286,14,3
286,287,14,3
287,288,14,3
288,289,14,3
289,290,14,3
290,291,14,3
291,292,14,3
292,293,14,3
293,294,14,3
294,295,14,3
295,296,14,3
296,297,15,3
297,298,15,3
298,299,15,3
299,300,15,3
300,301,15,3
301,302,15,3
302,303,15,3
303,304,15,3
304,305,15,3
305,306,15,3
306,307,15,3
307,308,15,3
308,309,15,3
309,310,15,3
310,311,15,3
311,312,15,3
312,313,15,3
313,314,16,3
314,315,16,3
315,316,16,3
316,317,16,3
317,318,16,3
318,319,16,3
319,320,17,3
320,321,17,3
321,322,17,3
322,323,17,3
323,324,17,3
324,325,17,3
325,326,17,3
326,327,17,3
327,328,17,3
328,329,17,3
329,330,17,3
330,331,18,3
331,332,18,3
332,333,18,3
333,334,18,3
334,335,18,3
335,336,18,3
336,337,18,3
337,338,18,3
338,339,18,3
339,340,18,3
340,341,18,3
341,342,18,3
342,343,18,3
343,344,18,3
344,345,18,3
345,346,18,3
346,347,18,3
347,348,18,3
348,349,18,3
349,350,18,3
350,351,18,3
351,352,18,3
352,353,18,3
353,354,18,3
354,355,18,3
355,356,18,3
356,357,18,3
357,358,19,3
358,359,19,3
359,360,19,3
360,361,19,3
361,362,19,3
362,363,19,3
363,364,19,3
364,365,19,3
365,366,19,3
366,367,19,3
367,368,19,3
368,369,19,3
369,370,19,3
370,371,19,3
371,372,19,3
372,373,19,3
373,374,19,3
374,375,19,3
375,376,19,3
376,377,19,3
377,378,19,3
378,379,19,3
379,380,19,3
380,381,19,3
381,382,19,3
382,383,19,3
383,384,19,3
384,385,20,3
385,386,20,3
386,387,20,3
387,388,20,3
388,389,20,3
389,390,20,3
390,391,20,3
391,392,20,3
392,393,20,3
393,394,20,3
394,395,20,3
395,396,20,3
396,397,20,3
397,398,20,3
398,399,20,3
399,400,20,3
400,401,20,3
401,402,20,3
402,403,20,3
403,404,20,3
404,405,20,3
405,406,20,3
406,407,20,3
407,408,21,3
408,409,21,3
409,410,21,3
410,411,21,3
411,412,21,3
412,413,21,3
413,414,21,3
414,415,21,3
415,416,21,3
416,417,21,3
417,418,21,3
418,419,21,3
419,420,21,3
420,421,21,3
421,422,21,3
422,423,21,3
423,424,21,3
424,425,21,3
425,426,21,3
426,427,21,3
427,428,21,3
428,429,21,3
429,430,21,3
430,431,21,3
431,432,21,3
432,433,21,3
433,434,21,3
434,435,21,3
435,436,21,3
436,437,21,3
437,438,21,3
438,439,21,3
439,440,21,3
440,441,21,3
441,442,21,3
442,443,21,3
443,444,21,3
444,445,21,3
445,446,21,3
446,447,21,3
447,448,21,3
448,449,21,3
449,450,21,3
450,451,21,3
451,452,22,3
452,453,22,3
453,454,22,3
454,455,22,3
455,456,22,3
456,457,22,3
457,458,22,3
458,459,22,3
459,460,22,3
460,461,22,3
461,462,22,3
462,463,22,3
463,464,22,3
464,465,22,3
465,466,22,3
466,467,22,3
467,468,22,3
468,469,22,3
469,470,22,3
470,471,22,3
471,472,22,3
472,473,22,3
473,474,22,3
474,475,22,3
475,476,22,3
476,477,22,3
477,478,22,3
478,479,22,3
479,480,22,3
480,481,22,3
481,482,22,3
482,483,22,3
483,484,22,3
484,485,22,3
485,486,23,3
486,487,23,3
487,488,23,3
488,489,23,3
489,490,23,3
490,491,23,3
491,492,23,3
492,493,23,3
493,494,23,3
494,495,23,3
495,496,23,3
496,497,23,3
497,498,23,3
498,499,23,3
499,500,23,3
500,501,23,3
501,502,23,3
502,503,23,3
503,504,23,3
504,505,23,3
505,506,23,3
506,507,24,3
507,508,24,3
508,509,24,3
509,510,24,3
510,511,24,3
511,512,24,3
512,513,24,3
513,514,24,3
514,515,24,3
515,516,24,3
516,517,24,3
517,518,24,3
518,519,24,3
519,520,24,3
520,521,24,3
521,522,24,3
522,523,24,3
523,524,24,3
524,525,24,3
525,526,24,3
526,527,24,3
527,528,25,3
528,529,25,3
529,530,25,3
530,531,25,3
531,532,25,3
532,533,25,3
533,534,25,3
534,535,25,3
535,536,25,3
536,537,25,3
537,538,25,3
538,539,25,3
539,540,25,3
540,541,25,3
541,542,25,3
542,543,25,3
543,544,26,3
544,545,26,3
545,546,26,3
546,547,26,3
547,548,26,3
548,549,26,3
549,550,26,3
550,551,26,3
551,552,26,3
552,553,26,3
553,554,26,3
554,555,26,3
555,556,26,3
556,557,26,3
557,558,26,3
558,559,26,3
559,560,26,3
560,561,26,3
561,562,26,3
562,563,26,3
563,564,27,3
564,565,27,3
565,566,27,3
566,567,27,3
567,568,27,3
568,569,27,3
569,570,27,3
570,571,27,3
571,572,27,3
572,573,27,3
573,574,27,3
574,575,27,3
575,576,27,3
576,577,28,3
577,578,28,3
578,579,28,3
579,580,28,3
580,581,28,3
581,582,28,3
582,583,28,3
583,584,28,3
584,585,28,3
585,586,28,3
586,587,28,3
587,588,28,3
588,589,28,3
589,590,28,3
590,591,28,3
591,592,28,3
592,593,28,3
593,594,28,3
594,595,28,3
595,596,28,3
596,597,28,3
597,598,28,3
598,599,28,3
599,600,28,3
600,601,28,3
601,602,29,3
602,603,29,3
603,604,29,3
604,605,29,3
605,606,29,3
606,607,29,3
607,608,29,3
608,609,29,3
609,610,29,3
610,611,29,3
611,612,29,3
612,613,29,3
613,614,29,3
614,615,29,3
615,616,29,3
616,617,29,3
617,618,29,3
618,619,29,3
619,620,29,3
620,621,29,3
621,622,30,3
622,623,30,3
623,624,30,3
624,625,30,3
625,626,30,3
626,627,30,3
627,628,30,3
628,629,30,3
629,630,30,3
630,631,30,3
631,632,30,3
632,633,30,3
633,634,30,3
634,635,30,3
635,636,30,3
636,637,30,3
637,638,30,3
638,639,30,3
639,640,31,3
640,641,31,3
641,642,31,3
642,643,31,3
643,644,31,3
644,645,31,3
645,646,31,3
646,647,31,3
647,648,31,3
648,649,31,3
649,650,31,3
650,651,31,3
651,652,31,3
652,653,31,3
653,654,31,3
654,655,31,3
655,656,31,3
656,657,31,3
657,658,31,3
658,659,31,3
659,660,31,3
660,661,31,3
661,662,31,3
662,663,31,3
663,664,31,3
664,665,31,3
665,666,31,3
666,667,31,3
667,668,31,3
668,669,31,3
669,670,32,3
670,671,32,3
671,672,32,3
672,673,32,3
673,674,32,3
674,675,32,3
675,676,32,3
676,677,32,3
677,678,32,3
678,679,32,3
679,680,32,3
680,681,32,3
681,682,32,3
682,683,32,3
683,684,32,3
684,685,32,3
685,686,32,3
686,687,32,3
687,688,32,3
688,689,32,3
689,690,32,3
690,691,32,3
691,692,32,3
692,693,32,3
693,694,32,3
694,695,32,3
695,696,32,3
696,697,32,3
697,698,32,3
698,699,32,3
699,700,32,3
700,701,32,3
701,702,32,3
702,703,33,3
703,704,33,3
704,705,33,3
705,706,33,3
706,707,33,3
707,708,33,3
708,709,33,3
709,710,33,3
710,711,33,3
711,712,33,3
712,713,33,3
713,714,33,3
714,715,33,3
715,716,33,3
716,717,33,3
717,718,33,3
718,719,33,3
719,720,34,3
720,721,34,3
721,722,34,3
722,723,34,3
723,724,34,3
724,725,34,3
725,726,34,3
726,727,34,3
727,728,34,3
728,729,34,3
729,730,34,3
730,731,34,3
731,732,34,3
732,733,34,3
733,734,34,3
734,735,34,3
735,736,34,3
736,737,34,3
737,738,34,3
738,739,34,3
739,740,34,3
740,741,34,3
741,742,34,3
742,743,35,3
743,744,35,3
744,745,35,3
745,746,35,3
746,747,35,3
747,748,35,3
748,749,35,3
749,750,35,3
750,751,35,3
751,752,35,3
752,753,35,3
753,754,35,3
754,755,35,3
755,756,35,3
756,757,35,3
757,758,35,3
758,759,35,3
759,760,35,3
760,761,35,3
761,762,35,3
762,763,35,3
763,764,35,3
764,765,35,3
765,766,36,3
766,767,36,3
767,768,36,3
768,769,36,3
769,770,36,3
770,771,36,3
771,772,36,3
772,773,36,3
773,774,36,3
774,775,36,3
775,776,36,3
776,777,36,3
777,778,36,3
778,779,36,3
779,780,36,3
780,781,36,3
781,782,37,3
782,783,37,3
783,784,37,3
784,785,37,3
785,786,37,3
786,787,37,3
787,788,37,3
788,789,37,3
789,790,37,3
790,791,37,3
791,792,37,3
792,793,37,3
793,794,37,3
794,795,37,3
795,796,37,3
796,797,37,3
797,798,37,3
798,799,38,3
799,800,38,3
800,801,38,3
801,802,38,3
802,803,38,3
803,804,38,3
804,805,38,3
805,806,38,3
806,807,38,3
807,808,38,3
808,809,38,3
809,810,38,3
810,811,38,3
811,812,38,3
812,39,1,3
813,40,1,3
814,41,1,3
815,42,1,3
816,43,1,3
817,44,1,3
818,45,1,3
819,46,1,3
820,47,1,3
821,48,1,3
822,49,1,3
823,50,1,3
824,51,1,3
825,52,1,3
826,53,1,3
827,54,1,3
828,55,1,3
829,56,1,3
830,57,1,3
831,58,1,3
832,59,1,3
833,60,1,3
834,61,1,3
835,62,1,3
836,63,1,3
837,64,1,3
838,65,1,3
839,66,1,3
840,67,1,3
841,68,1,3
842,69,1,3
843,70,1,3
844,71,1,3
845,72,1,3
846,73,1,3
847,74,1,3
848,75,1,3
849,76,1,3
850,77,1,3
851,78,1,3
852,79,1,3
853,80,1,3
854,81,1,3
855,82,1,3
856,83,1,3
857,84,1,3
858,85,1,3
859,86,1,3
860,87,1,3
861,88,1,3
862,89,1,3
863,90,1,3
864,91,1,3
865,92,1,3
866,93,1,3
867,94,1,3
868,95,1,3
869,96,1,3
870,97,1,3
871,98,1,3
872,99,1,3
873,100,1,3
874,101,1,3
875,102,1,3
876,103,1,3
877,104,1,3
878,105,1,3
879,106,1,3
880,107,1,3
881,108,1,3
882,109,1,3
883,110,1,3
884,111,1,3
885,112,1,3
886,113,1,3
887,114,1,3
888,115,1,3
889,116,1,3
890,117,1,3
891,118,1,3
892,119,1,3
893,120,1,3
894,121,1,3
895,122,1,3
896,123,1,3
897,124,1,3
898,125,1,3
899,126,1,3
900,127,1,3
901,128,1,3
902,129,1,3
903,130,1,3
904,131,1,3
905,132,1,3
906,133,1,3
907,134,1,3
908,135,1,3
909,136,1,3
910,137,1,3
911,138,1,3
912,139,1,3
913,140,1,3
914,141,1,3
915,142,1,3
916,143,1,3
917,144,1,3
918,145,1,3
919,146,1,3
920,147,1,3
921,148,1,3
922,149,1,3
923,150,1,3
924,151,1,3
925,152,1,3
926,153,1,3
927,154,1,3
928,155,1,3
929,156,1,3
930,157,1,3
931,158,1,3
932,159,1,3
933,160,1,3
934,161,1,3
935,162,1,3
936,163,1,3
937,164,1,3
938,165,1,3
939,166,1,3
940,167,1,3
941,168,1,3
942,169,1,3
943,170,1,3
944,171,1,3
945,172,1,3
946,173,1,3
947,174,1,3
948,175,1,3
949,176,1,3
950,177,1,3
951,178,1,3
952,179,1,3
953,180,1,3
954,181,1,3
955,182,1,3
956,183,1,3
957,184,1,3
958,185,1,3
959,186,1,3
960,187,1,3
961,188,1,3
962,189,1,3
963,190,1,3
964,191,1,3
965,192,1,3
966,193,1,3
967,194,1,3
968,195,1,3
969,196,1,3
970,197,1,3
971,198,1,3
972,199,1,3
973,200,1,3
974,201,1,3
975,202,1,3
976,203,1,3
977,204,1,3
978,205,1,3
979,206,1,3
980,207,1,3
981,208,1,3
982,209,1,3
983,210,1,3
984,211,1,3
985,212,1,3
986,213,1,3
987,214,1,3
988,215,1,3
989,216,1,3
990,217,1,3
991,218,1,3
992,219,1,3
993,220,1,3
994,221,1,3
995,222,1,3
996,223,1,3
997,224,1,3
998,225,1,3
999,226,1,3
1000,227,1,3
1001,228,1,3
1002,229,1,3
1003,230,1,3
1004,231,1,3
1005,232,1,3
1006,233,1,3
1007,234,1,3
1008,235,1,3
1009,236,1,3
1010,237,1,3
1011,238,1,3
1012,239,1,3
1013,240,1,3
1014,241,1,3
1015,242,1,3
1016,243,1,3
1017,244,1,3
1018,245,1,3
1019,246,1,3
1020,247,1,3
1021,248,1,3
1022,249,1,3
1023,250,1,3
1024,251,1,3
1025,252,1,3
1026,253,1,3
1027,254,1,3
1028,255,1,3
1029,256,1,3
1030,257,1,3
1031,258,1,3
1032,259,1,3
1033,260,1,3
1034,261,1,3
1035,262,1,3
1036,263,1,3
1037,264,1,3
1038,265,1,3
1039,266,1,3
1040,267,1,3
1041,268,1,3
1042,269,1,3
1043,270,1,3
1044,271,1,3
1045,272,1,3
1046,273,1,3
1047,274,1,3
1048,275,1,3
1049,276,1,3
1050,277,1,3
1051,278,1,3
1052,279,1,3
1053,280,1,3
1054,281,1,3
1055,282,1,3
1056,283,1,3
1057,284,1,3
1058,285,1,3
1059,286,1,3
1060,287,1,3
1061,288,1,3
1062,289,1,3
1063,290,1,3
1064,291,1,3
1065,292,1,3
1066,293,1,3
1067,294,1,3
1068,295,1,3
1069,296,1,3
1070,297,1,3
1071,298,1,3
1072,299,1,3
1073,300,1,3
1074,301,1,3
1075,302,1,3
1076,303,1,3
1077,304,1,3
1078,305,1,3
1079,306,1,3
1080,307,1,3
1081,308,1,3
1082,309,1,3
1083,310,1,3
1084,311,1,3
1085,312,1,3
1086,313,1,3
1087,314,1,3
1088,315,1,3
1089,316,1,3
1090,317,1,3
1091,318,1,3
1092,319,1,3
1093,320,1,3
1094,321,1,3
1095,322,1,3
1096,323,1,3
1097,324,1,3
1098,325,1,3
1099,326,1,3
1100,327,1,3
1101,328,1,3
1102,329,1,3
1103,330,1,3
1104,331,1,3
1105,332,1,3
1106,333,1,3
1107,334,1,3
1108,335,1,3
1109,336,1,3
1110,337,1,3
1111,338,1,3
1112,339,1,3
1113,340,1,3
1114,341,1,3
1115,342,1,3
1116,343,1,3
1117,344,1,3
1118,345,1,3
1119,346,1,3
1120,347,1,3
1121,348,1,3
1122,349,1,3
1123,350,1,3
1124,351,1,3
1125,352,1,3
1126,353,1,3
1127,354,1,3
1128,355,1,3
1129,356,1,3
1130,357,1,3
1131,358,1,3
1132,359,1,3
1133,360,1,3
1134,361,1,3
1135,362,1,3
1136,363,1,3
1137,364,1,3
1138,365,1,3
1139,366,1,3
1140,367,1,3
1141,368,1,3
1142,369,1,3
1143,370,1,3
1144,371,1,3
1145,372,1,3
1146,373,1,3
1147,374,1,3
1148,375,1,3
1149,376,1,3
1150,377,1,3
1151,378,1,3
1152,379,1,3
1153,380,1,3
1154,381,1,3
1155,382,1,3
1156,383,1,3
1157,384,1,3
1158,385,1,3
1159,386,1,3
1160,387,1,3
1161,388,1,3
1162,389,1,3
1163,390,1,3
1164,391,1,3
1165,392,1,3
1166,393,1,3
1167,394,1,3
1168,395,1,3
1169,396,1,3
1170,397,1,3
1171,398,1,3
1172,399,1,3
1173,400,1,3
1174,401,1,3
1175,402,1,3
1176,403,1,3
1177,404,1,3
1178,405,1,3
1179,406,1,3
1180,407,1,3
1181,408,1,3
1182,409,1,3
1183,410,1,3
1184,411,1,3
1185,412,1,3
1186,413,1,3
1187,414,1,3
1188,415,1,3
1189,416,1,3
1190,417,1,3
1191,418,1,3
1192,419,1,3
1193,420,1,3
1194,421,1,3
1195,422,1,3
1196,423,1,3
1197,424,1,3
1198,425,1,3
1199,426,1,3
1200,427,1,3
1201,428,1,3
1202,429,1,3
1203,430,1,3
1204,431,1,3
1205,432,1,3
1206,433,1,3
1207,434,1,3
1208,435,1,3
1209,436,1,3
1210,437,1,3
1211,438,1,3
1212,439,1,3
1213,440,1,3
1214,441,1,3
1215,442,1,3
1216,443,1,3
1217,444,1,3
1218,445,1,3
1219,446,1,3
1220,447,1,3
1221,448,1,3
1222,449,1,3
1223,450,1,3
1224,451,1,3
1225,452,1,3
1226,453,1,3
1227,454,1,3
1228,455,1,3
1229,456,1,3
1230,457,1,3
1231,458,1,3
1232,459,1,3
1233,460,1,3
1234,461,1,3
1235,462,1,3
1236,463,1,3
1237,464,1,3
1238,465,1,3
1239,466,1,3
1240,467,1,3
1241,468,1,3
1242,469,1,3
1243,470,1,3
1244,471,1,3
1245,472,1,3
1246,473,1,3
1247,474,1,3
1248,475,1,3
1249,476,1,3
1250,477,1,3
1251,478,1,3
1252,479,1,3
1253,480,1,3
1254,481,1,3
1255,482,1,3
1256,483,1,3
1257,484,1,3
1258,485,1,3
1259,486,1,3
1260,487,1,3
1261,488,1,3
1262,489,1,3
1263,490,1,3
1264,491,1,3
1265,492,1,3
1266,493,1,3
1267,494,1,3
1268,495,1,3
1269,496,1,3
1270,497,1,3
1271,498,1,3
1272,499,1,3
1273,500,1,3
1274,501,1,3
1275,502,1,3
1276,503,1,3
1277,504,1,3
1278,505,1,3
1279,506,1,3
1280,507,1,3
1281,508,1,3
1282,509,1,3
1283,510,1,3
1284,511,1,3
1285,512,1,3
1286,513,1,3
1287,514,1,3
1288,515,1,3
1289,516,1,3
1290,517,1,3
1291,518,1,3
1292,519,1,3
1293,520,1,3
1294,521,1,3
1295,522,1,3
1296,523,1,3
1297,524,1,3
1298,525,1,3
1299,526,1,3
1300,527,1,3
1301,528,1,3
1302,529,1,3
1303,530,1,3
1304,531,1,3
1305,532,1,3
1306,533,1,3
1307,534,1,3
1308,535,1,3
1309,536,1,3
1310,537,1,3
1311,538,1,3
1312,539,1,3
1313,540,1,3
1314,541,1,3
1315,542,1,3
1316,543,1,3
1317,544,1,3
1318,545,1,3
1319,546,1,3
1320,547,1,3
1321,548,1,3
1322,549,1,3
1323,550,1,3
1324,551,1,3
1325,552,1,3
1326,553,1,3
1327,554,1,3
1328,555,1,3
1329,556,1,3
1330,557,1,3
1331,558,1,3
1332,559,1,3
1333,560,1,3
1334,561,1,3
1335,562,1,3
1336,563,1,3
1337,564,1,3
1338,565,1,3
1339,566,1,3
1340,567,1,3
1341,568,1,3
1342,569,1,3
1343,570,1,3
1344,571,1,3
1345,572,1,3
1346,573,1,3
1347,574,1,3
1348,575,1,3
1349,576,1,3
1350,577,1,3
1351,578,1,3
1352,579,1,3
1353,580,1,3
1354,581,1,3
1355,582,1,3
1356,583,1,3
1357,584,1,3
1358,585,1,3
1359,586,1,3
1360,587,1,3
1361,588,1,3
1362,589,1,3
1363,590,1,3
1364,591,1,3
1365,592,1,3
1366,593,1,3
1367,594,1,3
1368,595,1,3
1369,596,1,3
1370,597,1,3
1371,598,1,3
1372,599,1,3
1373,600,1,3
1374,601,1,3
1375,602,1,3
1376,603,1,3
1377,604,1,3
1378,605,1,3
1379,606,1,3
1380,607,1,3
1381,608,1,3
1382,609,1,3
1383,610,1,3
1384,611,1,3
1385,612,1,3
1386,613,1,3
1387,614,1,3
1388,615,1,3
1389,616,1,3
1390,617,1,3
1391,618,1,3
1392,619,1,3
1393,620,1,3
1394,621,1,3
1395,622,1,3
1396,623,1,3
1397,624,1,3
1398,625,1,3
1399,626,1,3
1400,627,1,3
1401,628,1,3
1402,629,1,3
1403,630,1,3
1404,631,1,3
1405,632,1,3
1406,633,1,3
1407,634,1,3
1408,635,1,3
1409,636,1,3
1410,637,1,3
1411,638,1,3
1412,639,1,3
1413,640,1,3
1414,641,1,3
1415,642,1,3
1416,643,1,3
1417,644,1,3
1418,645,1,3
1419,646,1,3
1420,647,1,3
1421,648,1,3
1422,649,1,3
1423,650,1,3
1424,651,1,3
1425,652,1,3
1426,653,1,3
1427,654,1,3
1428,655,1,3
1429,656,1,3
1430,657,1,3
1431,658,1,3
1432,659,1,3
1433,660,1,3
1434,661,1,3
1435,662,1,3
1436,663,1,3
1437,664,1,3
1438,665,1,3
1439,666,1,3
1440,667,1,3
1441,668,1,3
1442,669,1,3
1443,670,1,3
1444,671,1,3
1445,672,1,3
1446,673,1,3
1447,674,1,3
1448,675,1,3
1449,676,1,3
1450,677,1,3
1451,678,1,3
1452,679,1,3
1453,680,1,3
1454,681,1,3
1455,682,1,3
1456,683,1,3
1457,684,1,3
1458,685,1,3
1459,686,1,3
1460,687,1,3
1461,688,1,3
1462,689,1,3
1463,690,1,3
1464,691,1,3
1465,692,1,3
1466,693,1,3
1467,694,1,3
1468,695,1,3
1469,696,1,3
1470,697,1,3
1471,698,1,3
1472,699,1,3
1473,700,1,3
1474,701,1,3
1475,702,1,3
1476,703,1,3
1477,704,1,3
1478,705,1,3
1479,706,1,3
1480,707,1,3
1481,708,1,3
1482,709,1,3
1483,710,1,3
1484,711,1,3
1485,712,1,3
1486,713,1,3
1487,714,1,3
1488,715,1,3
1489,716,1,3
1490,717,1,3
1491,718,1,3
1492,719,1,3
1493,720,1,3
1494,721,1,3
1495,722,1,3
1496,723,1,3
1497,724,1,3
1498,725,1,3
1499,726,1,3
1500,727,1,3
1501,728,1,3
1502,729,1,3
1503,730,1,3
1504,731,1,3
1505,732,1,3
1506,733,1,3
1507,734,1,3
1508,735,1,3
1509,736,1,3
1510,737,1,3
1511,738,1,3
1512,739,1,3
1513,740,1,3
1514,741,1,3
1515,742,1,3
1516,743,1,3
1517,744,1,3
1518,745,1,3
1519,746,1,3
1520,747,1,3
1521,748,1,3
1522,749,1,3
1523,750,1,3
1524,751,1,3
1525,752,1,3
1526,753,1,3
1527,754,1,3
1528,755,1,3
1529,756,1,3
1530,757,1,3
1531,758,1,3
1532,759,1,3
1533,760,1,3
1534,761,1,3
1535,762,1,3
1536,763,1,3
1537,764,1,3
1538,765,1,3
1539,766,1,3
1540,767,1,3
1541,768,1,3
1542,769,1,3
1543,770,1,3
1544,771,1,3
1545,772,1,3
1546,773,1,3
1547,774,1,3
1548,775,1,3
1549,776,1,3
1550,777,1,3
1551,778,1,3
1552,779,1,3
1553,780,1,3
1554,781,1,3
1555,782,1,3
1556,783,1,3
1557,784,1,3
1558,785,1,3
1559,786,1,3
1560,787,1,3
1561,788,1,3
1562,789,1,3
1563,790,1,3
1564,791,1,3
1565,792,1,3
1566,793,1,3
1567,794,1,3
1568,795,1,3
1569,796,1,3
1570,797,1,3
1571,798,1,3
1572,799,1,3
1573,800,1,3
1574,801,1,3
1575,802,1,3
1576,803,1,3
1577,804,1,3
1578,805,1,3
1579,806,1,3
1580,807,1,3
1581,808,1,3
1582,809,1,3
1583,810,1,3
1584,811,1,3
1585,812,1,3
1586,835,107,5
1587,836,734,5
1588,837,734,5
1589,838,546,5
1590,839,734,5
1591,840,734,5
1592,841,734,5
1593,842,734,5
1594,843,734,5
1595,844,734,5
1596,845,734,5
1597,846,734,5
1598,847,734,5
1599,848,734,5
1600,849,734,5
1601,850,734,5
1602,851,734,5
1603,852,734,5
1604,853,734,5
1605,854,734,5
1606,855,734,5
1607,856,728,5
1608,857,740,5
1609,858,740,5
1610,859,734,5
1611,860,734,5
1612,861,734,5
1613,862,734,5
1614,863,734,5
1615,864,734,5
1616,865,734,5
1617,866,734,5
1618,867,734,5
1619,868,734,5
1620,869,734,5
1621,870,728,5
1622,871,734,5
1623,872,214,5
1624,873,214,5
1625,874,214,5
1626,875,215,5
1627,876,215,5
1628,877,215,5
1629,878,215,5
1630,879,215,5
1631,880,215,5
1632,881,215,5
1633,882,215,5
1634,883,215,5
1635,884,214,5
1636,885,214,5
1637,886,214,5
1638,887,214,5
1639,888,214,5
1640,889,214,5
1641,890,214,5
1642,891,214,5
1643,892,214,5
1644,893,214,5
1645,894,222,5
1646,895,217,5
1647,896,101,5
1648,897,90,5
1649,898,90,5
1650,899,107,5
1651,900,107,5
1652,901,107,5
1653,902,107,5
1654,903,107,5
1655,904,107,5
1656,905,107,5
1657,906,107,5
1658,907,90,5
1659,908,79,5
1660,909,79,5
1661,910,79,5
1662,911,101,5
1663,912,90,5
1664,913,90,5
1665,914,90,5
1666,915,107,5
1667,916,88,5
1668,917,107,5
1669,918,107,5
1670,919,107,5
1671,920,545,5
1672,921,545,5
1673,922,545,5
1674,923,545,5
1675,924,545,5
1676,925,545,5
1677,926,545,5
1678,927,545,5
1679,928,545,5
1680,929,548,5
1681,930,548,5
1682,931,548,5
1683,932,548,5
1684,933,548,5
1685,934,548,5
1686,935,548,5
1687,936,544,5
1688,937,544,5
1689,938,544,5
1690,939,544,5
1691,940,544,5
1692,941,544,5
1693,942,544,5
1694,943,544,5
1695,944,544,5
1696,945,544,5
1697,946,544,5
1698,947,544,5
1699,948,544,5
1700,949,544,5
1701,950,544,5
1702,951,544,5
1703,952,544,5
1704,953,544,5
1705,954,544,5
1706,955,554,5
1707,956,544,5
1708,957,702,5
1709,958,563,5
1710,959,702,5
1711,960,563,5
1712,961,702,5
1713,962,563,5
1714,963,702,5
1715,964,563,5
1716,965,702,5
1717,966,563,5
1718,967,702,5
1719,968,563,5
1720,969,702,5
1721,970,563,5
1722,971,702,5
1723,972,563,5
1724,973,702,5
1725,974,563,5
1726,975,702,5
1727,976,563,5
1728,977,702,5
1729,978,563,5
1730,979,702,5
1731,980,563,5
1732,981,556,5
1733,982,556,5
1734,983,560,5
1735,984,560,5
1736,985,560,5
1737,986,560,5
1738,987,547,5
1739,988,547,5
1740,989,547,5
1741,990,558,5
1742,991,557,5
1743,992,560,5
1744,993,560,5
1745,994,560,5
1746,995,560,5
1747,996,560,5
1748,997,560,5
1749,998,560,5
1750,999,545,5
1751,1000,555,5
1752,1001,556,5
1753,1002,557,5
1754,1003,562,5
1755,1004,556,5
1756,1005,702,5
1757,1006,563,5
1758,1007,562,5
1759,1008,549,5
1760,1009,560,5
1761,1010,560,5
1762,1011,560,5
1763,1012,560,5
1764,1013,558,5
1765,1014,555,5
1766,1015,554,5
1767,1016,544,5
1768,1017,702,5
1769,1018,563,5
1770,1019,558,5
1771,1020,562,5
1772,1021,556,5
1773,1022,546,5
1774,1023,546,5
1775,1024,561,5
1776,1025,560,5
1777,1026,560,5
1778,1027,560,5
1779,1028,546,5
1780,1029,554,5
1781,1030,560,5
1782,1031,562,5
1783,1032,558,5
1784,1033,556,5
1785,1034,556,5
1786,1035,560,5
1787,1036,558,5
1788,1037,557,5
1789,1038,554,5
1790,1039,547,5
1791,1040,544,5
1792,1041,556,5
1793,1042,545,5
1794,1043,556,5
1795,1044,556,5
1796,1045,562,5
1797,1046,558,5
1798,1047,556,5
1799,1048,702,5
1800,1049,563,5
1801,1050,554,5
1802,1051,547,5
1803,1052,90,5
1804,1053,107,5
1805,1054,77,5
1806,1055,77,5
1807,1056,107,5
1808,1057,107,5
1809,1058,107,5
1810,1059,90,5
1811,1060,79,5
1812,1061,85,5
1813,1062,107,5
1814,1063,77,5
1815,1064,90,5
1816,1065,90,5
1817,1066,214,5
1818,1067,214,5
1819,1068,214,5
1820,1069,214,5
1821,1070,214,5
1822,1071,214,5
1823,1072,214,5
1824,1073,214,5
1825,1074,214,5
1826,1075,214,5
1827,1076,214,5
1828,1077,215,5
1829,1078,214,5
1830,1079,217,5
1831,1080,214,5
1832,1081,214,5
1833,1082,214,5
1834,1083,214,5
1835,1084,214,5
1836,1085,214,5
1837,1086,214,5
1838,1087,217,5
1839,1088,215,5
1840,1089,560,5
1841,1090,556,5
1842,1091,547,5
1843,1092,546,5
1844,1093,549,5
1845,1094,545,5
1846,1095,545,5
1847,1096,556,5
1848,1097,558,5
1849,1098,560,5
1850,1099,557,5
1851,1100,556,5
1852,1101,549,5
1853,1102,555,5
1854,1103,545,5
1855,1104,562,5
1856,1105,734,5
1857,1106,740,5
1858,1107,734,5
1859,1108,734,5
1860,1109,728,5
1861,1110,728,5
1862,1111,734,5
1863,1112,732,5
1864,1113,734,5
1865,1114,734,5
1866,1115,734,5
1867,1116,734,5
1868,1117,735,5
1869,1118,732,5
1870,1119,734,5
1871,1120,734,5
1872,1121,734,5
1873,1122,734,5
1874,835,1,5
1875,836,1,5
1876,837,1,5
1877,838,1,5
1878,839,1,5
1879,840,1,5
1880,841,1,5
1881,842,1,5
1882,843,1,5
1883,844,1,5
1884,845,1,5
1885,846,1,5
1886,847,1,5
1887,848,1,5
1888,849,1,5
1889,850,1,5
1890,851,1,5
1891,852,1,5
1892,853,1,5
1893,854,1,5
1894,855,1,5
1895,856,1,5
1896,857,1,5
1897,858,1,5
1898,859,1,5
1899,860,1,5
1900,861,1,5
1901,862,1,5
1902,863,1,5
1903,864,1,5
1904,865,1,5
1905,866,1,5
1906,867,1,5
1907,868,1,5
1908,869,1,5
1909,870,1,5
1910,871,1,5
1911,872,1,5
1912,873,1,5
1913,874,1,5
1914,875,1,5
1915,876,1,5
1916,877,1,5
1917,878,1,5
1918,879,1,5
1919,880,1,5
1920,881,1,5
1921,882,1,5
1922,883,1,5
1923,884,1,5
1924,885,1,5
1925,886,1,5
1926,887,1,5
1927,888,1,5
1928,889,1,5
1929,890,1,5
1930,891,1,5
1931,892,1,5
1932,893,1,5
1933,894,1,5
1934,895,1,5
1935,896,1,5
1936,897,1,5
1937,898,1,5
1938,899,1,5
1939,900,1,5
1940,901,1,5
1941,902,1,5
1942,903,1,5
1943,904,1,5
1944,905,1,5
1945,906,1,5
1946,907,1,5
1947,908,1,5
1948,909,1,5
1949,910,1,5
1950,911,1,5
1951,912,1,5
1952,913,1,5
1953,914,1,5
1954,915,1,5
1955,916,1,5
1956,917,1,5
1957,918,1,5
1958,919,1,5
1959,920,1,5
1960,921,1,5
1961,922,1,5
1962,923,1,5
1963,924,1,5
1964,925,1,5
1965,926,1,5
1966,927,1,5
1967,928,1,5
1968,929,1,5
1969,930,1,5
1970,931,1,5
1971,932,1,5
1972,933,1,5
1973,934,1,5
1974,935,1,5
1975,936,1,5
1976,937,1,5
1977,938,1,5
1978,939,1,5
1979,940,1,5
1980,941,1,5
1981,942,1,5
1982,943,1,5
1983,944,1,5
1984,945,1,5
1985,946,1,5
1986,947,1,5
1987,948,1,5
1988,949,1,5
1989,950,1,5
1990,951,1,5
1991,952,1,5
1992,953,1,5
1993,954,1,5
1994,955,1,5
1995,956,1,5
1996,957,1,5
1997,958,1,5
1998,959,1,5
1999,960,1,5
2000,961,1,5
2001,962,1,5
2002,963,1,5
2003,964,1,5
2004,965,1,5
2005,966,1,5
2006,967,1,5
2007,968,1,5
2008,969,1,5
2009,970,1,5
2010,971,1,5
2011,972,1,5
2012,973,1,5
2013,974,1,5
2014,975,1,5
2015,976,1,5
2016,977,1,5
2017,978,1,5
2018,979,1,5
2019,980,1,5
2020,981,1,5
2021,982,1,5
2022,983,1,5
2023,984,1,5
2024,985,1,5
2025,986,1,5
2026,987,1,5
2027,988,1,5
2028,989,1,5
2029,990,1,5
2030,991,1,5
2031,992,1,5
2032,993,1,5
2033,994,1,5
2034,995,1,5
2035,996,1,5
2036,997,1,5
2037,998,1,5
2038,999,1,5
2039,1000,1,5
2040,1001,1,5
2041,1002,1,5
2042,1003,1,5
2043,1004,1,5
2044,1005,1,5
2045,1006,1,5
2046,1007,1,5
2047,1008,1,5
2048,1009,1,5
2049,1010,1,5
2050,1011,1,5
2051,1012,1,5
2052,1013,1,5
2053,1014,1,5
2054,1015,1,5
2055,1016,1,5
2056,1017,1,5
2057,1018,1,5
2058,1019,1,5
2059,1020,1,5
2060,1021,1,5
2061,1022,1,5
2062,1023,1,5
2063,1024,1,5
2064,1025,1,5
2065,1026,1,5
2066,1027,1,5
2067,1028,1,5
2068,1029,1,5
2069,1030,1,5
2070,1031,1,5
2071,1032,1,5
2072,1033,1,5
2073,1034,1,5
2074,1035,1,5
2075,1036,1,5
2076,1037,1,5
2077,1038,1,5
2078,1039,1,5
2079,1040,1,5
2080,1041,1,5
2081,1042,1,5
2082,1043,1,5
2083,1044,1,5
2084,1045,1,5
2085,1046,1,5
2086,1047,1,5
2087,1048,1,5
2088,1049,1,5
2089,1050,1,5
2090,1051,1,5
2091,1052,1,5
2092,1053,1,5
2093,1054,1,5
2094,1055,1,5
2095,1056,1,5
2096,1057,1,5
2097,1058,1,5
2098,1059,1,5
2099,1060,1,5
2100,1061,1,5
2101,1062,1,5
2102,1063,1,5
2103,1064,1,5
2104,1065,1,5
2105,1066,1,5
2106,1067,1,5
2107,1068,1,5
2108,1069,1,5
2109,1070,1,5
2110,1071,1,5
2111,1072,1,5
2112,1073,1,5
2113,1074,1,5
2114,1075,1,5
2115,1076,1,5
2116,1077,1,5
2117,1078,1,5
2118,1079,1,5
2119,1080,1,5
2120,1081,1,5
2121,1082,1,5
2122,1083,1,5
2123,1084,1,5
2124,1085,1,5
2125,1086,1,5
2126,1087,1,5
2127,1088,1,5
2128,1089,1,5
2129,1090,1,5
2130,1091,1,5
2131,1092,1,5
2132,1093,1,5
2133,1094,1,5
2134,1095,1,5
2135,1096,1,5
2136,1097,1,5
2137,1098,1,5
2138,1099,1,5
2139,1100,1,5
2140,1101,1,5
2141,1102,1,5
2142,1103,1,5
2143,1104,1,5
2144,1105,1,5
2145,1106,1,5
2146,1107,1,5
2147,1108,1,5
2148,1109,1,5
2149,1110,1,5
2150,1111,1,5
2151,1112,1,5
2152,1113,1,5
2153,1114,1,5
2154,1115,1,5
2155,1116,1,5
2156,1117,1,5
2157,1118,1,5
2158,1119,1,5
2159,1120,1,5
2160,1121,1,5
2161,1122,1,5
2162,882,10,5
2163,1105,34,5
2164,904,4,5
2165,1089,26,5
2166,1115,34,5
2167,989,26,5
2168,983,26,5
2169,939,26,5
2170,932,26,5
2171,990,26,5
2172,868,34,5
2173,878,10,5
2174,905,4,5
2175,845,34,5
2176,1006,26,5
2177,974,26,5
2178,1067,10,5
2179,1084,10,5
2180,1036,26,5
2181,958,26,5
2182,869,34,5
2183,888,10,5
2184,892,10,5
2185,1065,4,5
2186,1074,10,5
2187,924,26,5
2188,1086,10,5
2189,915,4,5
2190,964,26,5
2191,925,26,5
2192,1016,26,5
2193,921,26,5
2194,835,4,5
2195,1066,10,5
2196,1114,34,5
2197,1095,26,5
2198,1054,4,5
2199,965,32,5
2200,1085,10,5
2201,1026,26,5
2202,985,26,5
2203,1042,26,5
2204,1102,26,5
2205,976,26,5
2206,1094,26,5
2207,998,26,5
2208,906,4,5
2209,890,10,5
2210,1059,4,5
2211,1040,26,5
2212,860,34,5
2213,971,32,5
2214,1073,10,5
2215,943,26,5
2216,940,26,5
2217,839,34,5
2218,896,4,5
2219,873,10,5
2220,1111,34,5
2221,870,34,5
2222,867,34,5
2223,981,26,5
2224,1034,26,5
2225,1044,26,5
2226,916,4,5
2227,992,26,5
2228,1000,26,5
2229,1096,26,5
2230,926,26,5
2231,851,34,5
2232,840,34,5
2233,941,26,5
2234,1053,4,5
2235,850,34,5
2236,978,26,5
2237,1017,32,5
2238,1087,10,5
2239,942,26,5
2240,1010,26,5
2241,1071,10,5
2242,1024,26,5
2243,1012,26,5
2244,1118,34,5
2245,975,32,5
2246,885,10,5
2247,951,26,5
2248,848,34,5
2249,1002,26,5
2250,929,26,5
2251,1051,26,5
2252,961,32,5
2253,933,26,5
2254,862,34,5
2255,979,32,5
2256,997,26,5
2257,949,26,5
2258,887,10,5
2259,1090,26,5
2260,837,34,5
2261,1003,26,5
2262,1035,26,5
2263,1097,26,5
2264,895,10,5
2265,1100,26,5
2266,907,4,5
2267,1079,10,5
2268,959,32,5
2269,986,26,5
2270,1025,26,5
2271,865,34,5
2272,1047,26,5
2273,866,34,5
2274,937,26,5
2275,972,26,5
2276,956,26,5
2277,1048,32,5
2278,1120,34,5
2279,889,10,5
2280,944,26,5
2281,1103,26,5
2282,914,4,5
2283,947,26,5
2284,1108,34,5
2285,988,26,5
2286,1031,26,5
2287,923,26,5
2288,1088,10,5
2289,946,26,5
2290,1020,26,5
2291,1058,4,5
2292,871,34,5
2293,879,10,5
2294,994,26,5
2295,852,34,5
2296,1011,26,5
2297,928,26,5
2298,1092,26,5
2299,1056,4,5
2300,875,10,5
2301,899,4,5
2302,1117,34,5
2303,1110,34,5
2304,1023,26,5
2305,857,34,5
2306,1113,34,5
2307,999,26,5
2308,855,34,5
2309,967,32,5
2310,1068,10,5
2311,1112,34,5
2312,901,4,5
2313,973,32,5
2314,841,34,5
2315,874,10,5
2316,891,10,5
2317,872,10,5
2318,877,10,5
2319,919,4,5
2320,969,32,5
2321,1027,26,5
2322,963,32,5
2323,1063,4,5
2324,1064,4,5
2325,863,34,5
2326,911,4,5
2327,898,4,5
2328,920,26,5
2329,1083,10,5
2330,903,4,5
2331,1055,4,5
2332,950,26,5
2333,1082,10,5
2334,922,26,5
2335,1057,4,5
2336,948,26,5
2337,1072,10,5
2338,917,4,5
2339,893,10,5
2340,854,34,5
2341,1041,26,5
2342,910,4,5
2343,897,4,5
2344,844,34,5
2345,883,10,5
2346,1021,26,5
2347,1013,26,5
2348,952,26,5
2349,838,26,5
2350,1022,26,5
2351,1060,4,5
2352,1109,34,5
2353,1015,26,5
2354,1018,26,5
2355,856,34,5
2356,987,26,5
2357,945,26,5
2358,984,26,5
2359,843,34,5
2360,935,26,5
2361,1014,26,5
2362,970,26,5
2363,847,34,5
2364,953,26,5
2365,900,4,5
2366,1119,34,5
2367,859,34,5
2368,930,26,5
2369,977,32,5
2370,876,10,5
2371,980,26,5
2372,913,4,5
2373,1069,10,5
2374,954,26,5
2375,1093,26,5
2376,966,26,5
2377,957,32,5
2378,902,4,5
2379,886,10,5
2380,1080,10,5
2381,842,34,5
2382,1091,26,5
2383,912,4,5
2384,955,26,5
2385,1070,10,5
2386,1007,26,5
2387,1030,26,5
2388,836,34,5
2389,1106,34,5
2390,1077,10,5
2391,909,4,5
2392,1001,26,5
2393,968,26,5
2394,881,10,5
2395,1029,26,5
2396,1004,26,5
2397,1046,26,5
2398,1039,26,5
2399,1078,10,5
2400,927,26,5
2401,1009,26,5
2402,1032,26,5
2403,858,34,5
2404,1037,26,5
2405,1122,34,5
2406,938,26,5
2407,918,4,5
2408,960,26,5
2409,1081,10,5
2410,864,34,5
2411,993,26,5
2412,1061,4,5
2413,880,10,5
2414,1049,26,5
2415,962,26,5
2416,931,26,5
2417,908,4,5
2418,846,34,5
2419,1019,26,5
2420,1107,34,5
2421,991,26,5
2422,1043,26,5
2423,1033,26,5
2424,1005,32,5
2425,884,10,5
2426,1062,4,5
2427,1099,26,5
2428,894,10,5
2429,1008,26,5
2430,1045,26,5
2431,861,34,5
2432,1104,26,5
2433,1116,34,5
2434,1038,26,5
2435,1052,4,5
2436,1075,10,5
2437,996,26,5
2438,853,34,5
2439,1028,26,5
2440,995,26,5
2441,1121,34,5
2442,849,34,5
2443,1050,26,5
2444,1098,26,5
2445,934,26,5
2446,1101,26,5
2447,1076,10,5
2448,982,26,5
2449,936,26,5
2450,813,1,7
2451,814,1,7
2452,815,1,7
2453,816,1,7
2454,817,1,7
2455,818,1,7
2456,819,1,7
2457,820,1,7
2458,821,1,7
2459,822,1,7
2460,823,1,7
2461,824,1,7
2462,825,1,7
2463,826,1,7
2464,827,1,7
2465,828,1,7
2466,829,1,7
2467,830,1,7
2468,831,1,7
2469,832,1,7
2470,833,1,7
2471,834,1,7
2472,813,20,7
2473,814,5,7
2474,815,34,7
2475,816,16,7
2476,817,8,7
2477,818,17,7
2478,819,33,7
2479,820,26,7
2480,821,16,7
2481,822,26,7
2482,823,5,7
2483,824,32,7
2484,825,8,7
2485,826,4,7
2486,827,35,7
2487,828,36,7
2488,829,26,7
2489,830,16,7
2490,831,16,7
2491,832,21,7
2492,833,33,7
2493,834,32,7
2494,1123,588,4
2495,1123,28,4
2496,1123,1,4
2497,1124,589,4
2498,1124,28,4
2499,1124,1,4
2500,1125,590,4
2501,1125,28,4
2502,1125,1,4
2503,1126,590,4
2504,1126,28,4
2505,1126,1,4
2506,1127,591,4
2507,1127,28,4
2508,1127,1,4
2509,1128,593,4
2510,1128,28,4
2511,1128,1,4
2512,1129,594,4
2513,1129,28,4
2514,1129,1,4
2515,1130,596,4
2516,1130,28,4
2517,1130,1,4
2518,1131,597,4
2519,1131,28,4
2520,1131,1,4
2521,1132,598,4
2522,1132,28,4
2523,1132,1,4
2524,1133,601,4
2525,1133,28,4
2526,1133,1,4
2527,1134,601,4
2528,1134,28,4
2529,1134,1,4
2530,1135,156,4
2531,1135,7,4
2532,1135,1,4
2533,1136,156,4
2534,1136,7,4
2535,1136,1,4
2536,1137,150,4
2537,1137,7,4
2538,1137,1,4
2539,1138,155,4
2540,1138,7,4
2541,1138,1,4
2542,1139,149,4
2543,1139,7,4
2544,1139,1,4
2545,1140,149,4
2546,1140,7,4
2547,1140,1,4
2548,1141,152,4
2549,1141,7,4
2550,1141,1,4
2551,1142,153,4
2552,1142,7,4
2553,1142,1,4
2554,1143,153,4
2555,1143,7,4
2556,1143,1,4
2557,1144,153,4
2558,1144,7,4
2559,1144,1,4
2560,1145,154,4
2561,1145,7,4
2562,1145,1,4
2563,1146,154,4
2564,1146,7,4
2565,1146,1,4
2566,1147,155,4
2567,1147,7,4
2568,1147,1,4
2569,1148,155,4
2570,1148,7,4
2571,1148,1,4
2572,1149,156,4
2573,1149,7,4
2574,1149,1,4
2575,1150,156,4
2576,1150,7,4
2577,1150,1,4
2578,1151,156,4
2579,1151,7,4
2580,1151,1,4
2581,1152,156,4
2582,1152,7,4
2583,1152,1,4
2584,1153,156,4
2585,1153,7,4
2586,1153,1,4
2587,1154,156,4
2588,1154,7,4
2589,1154,1,4
2590,1155,156,4
2591,1155,7,4
2592,1155,1,4
2593,1156,156,4
2594,1156,7,4
2595,1156,1,4
2596,1157,156,4
2597,1157,7,4
2598,1157,1,4
2599,1158,156,4
2600,1158,7,4
2601,1158,1,4
2602,1159,263,4
2603,1159,13,4
2604,1159,1,4
2605,1160,263,4
2606,1160,13,4
2607,1160,1,4
2608,1161,263,4
2609,1161,13,4
2610,1161,1,4
2611,1162,264,4
2612,1162,13,4
2613,1162,1,4
2614,1163,265,4
2615,1163,13,4
2616,1163,1,4
2617,1164,266,4
2618,1164,13,4
2619,1164,1,4
2620,1165,266,4
2621,1165,13,4
2622,1165,1,4
2623,1166,266,4
2624,1166,13,4
2625,1166,1,4
2626,1167,267,4
2627,1167,13,4
2628,1167,1,4
2629,1168,268,4
2630,1168,13,4
2631,1168,1,4
2632,1169,268,4
2633,1169,13,4
2634,1169,1,4
2635,1170,270,4
2636,1170,13,4
2637,1170,1,4
2638,1171,270,4
2639,1171,13,4
2640,1171,1,4
2641,1173,271,4
2642,1173,13,4
2643,1173,1,4
2644,1174,271,4
2645,1174,13,4
2646,1174,1,4
2647,1175,275,4
2648,1175,13,4
2649,1175,1,4
2650,1176,275,4
2651,1176,13,4
2652,1176,1,4
2653,1177,275,4
2654,1177,13,4
2655,1177,1,4
2656,1178,275,4
2657,1178,13,4
2658,1178,1,4
2659,1179,275,4
2660,1179,13,4
2661,1179,1,4
2662,1180,274,4
2663,1180,13,4
2664,1180,1,4
2665,1181,274,4
2666,1181,13,4
2667,1181,1,4
2668,1182,274,4
2669,1182,13,4
2670,1182,1,4
2671,1183,277,4
2672,1183,13,4
2673,1183,1,4
2674,1184,277,4
2675,1184,13,4
2676,1184,1,4
2677,1185,277,4
2678,1185,13,4
2679,1185,1,4
2680,1186,278,4
2681,1186,13,4
2682,1186,1,4
2683,1187,278,4
2684,1187,13,4
2685,1187,1,4
2686,1188,544,4
2687,1188,26,4
2688,1188,1,4
2689,1189,544,4
2690,1189,26,4
2691,1189,1,4
2692,1190,544,4
2693,1190,26,4
2694,1190,1,4
2695,1191,544,4
2696,1191,26,4
2697,1191,1,4
2698,1192,544,4
2699,1192,26,4
2700,1192,1,4
2701,1193,544,4
2702,1193,26,4
2703,1193,1,4
2704,1194,544,4
2705,1194,26,4
2706,1194,1,4
2707,1195,544,4
2708,1195,26,4
2709,1195,1,4
2710,1196,544,4
2711,1196,26,4
2712,1196,1,4
2713,1197,545,4
2714,1197,26,4
2715,1197,1,4
2716,1198,545,4
2717,1198,26,4
2718,1198,1,4
2719,1199,545,4
2720,1199,26,4
2721,1199,1,4
2722,1200,545,4
2723,1200,26,4
2724,1200,1,4
2725,1201,545,4
2726,1201,26,4
2727,1201,1,4
2728,1202,545,4
2729,1202,26,4
2730,1202,1,4
2731,1203,545,4
2732,1203,26,4
2733,1203,1,4
2734,1204,545,4
2735,1204,26,4
2736,1204,1,4
2737,1205,545,4
2738,1205,26,4
2739,1205,1,4
2740,1206,545,4
2741,1206,26,4
2742,1206,1,4
2743,1207,548,4
2744,1207,26,4
2745,1207,1,4
2746,1208,548,4
2747,1208,26,4
2748,1208,1,4
2749,1209,548,4
2750,1209,26,4
2751,1209,1,4
2752,1210,548,4
2753,1210,26,4
2754,1210,1,4
2755,1211,548,4
2756,1211,26,4
2757,1211,1,4
2758,1212,549,4
2759,1212,26,4
2760,1212,1,4
2761,1213,549,4
2762,1213,26,4
2763,1213,1,4
2764,1214,549,4
2765,1214,26,4
2766,1214,1,4
2767,1215,549,4
2768,1215,26,4
2769,1215,1,4
2770,1216,549,4
2771,1216,26,4
2772,1216,1,4
2773,1217,555,4
2774,1217,26,4
2775,1217,1,4
2776,1218,555,4
2777,1218,26,4
2778,1218,1,4
2779,1219,555,4
2780,1219,26,4
2781,1219,1,4
2782,1220,556,4
2783,1220,26,4
2784,1220,1,4
2785,1221,556,4
2786,1221,26,4
2787,1221,1,4
2788,1222,557,4
2789,1222,26,4
2790,1222,1,4
2791,1223,557,4
2792,1223,26,4
2793,1223,1,4
2794,1224,557,4
2795,1224,26,4
2796,1224,1,4
2797,1225,557,4
2798,1225,26,4
2799,1225,1,4
2800,1226,557,4
2801,1226,26,4
2802,1226,1,4
2803,1227,557,4
2804,1227,26,4
2805,1227,1,4
2806,1228,558,4
2807,1228,26,4
2808,1228,1,4
2809,1229,558,4
2810,1229,26,4
2811,1229,1,4
2812,1230,558,4
2813,1230,26,4
2814,1230,1,4
2815,1231,558,4
2816,1231,26,4
2817,1231,1,4
2818,1232,558,4
2819,1232,26,4
2820,1232,1,4
2821,1233,560,4
2822,1233,26,4
2823,1233,1,4
2824,1234,560,4
2825,1234,26,4
2826,1234,1,4
2827,1235,560,4
2828,1235,26,4
2829,1235,1,4
2830,1236,560,4
2831,1236,26,4
2832,1236,1,4
2833,1237,562,4
2834,1237,26,4
2835,1237,1,4
2836,1238,563,4
2837,1238,26,4
2838,1238,1,4
2839,1239,563,4
2840,1239,26,4
2841,1239,1,4
2842,1240,563,4
2843,1240,26,4
2844,1240,1,4
2845,1241,563,4
2846,1241,26,4
2847,1241,1,4
2848,1242,563,4
2849,1242,26,4
2850,1242,1,4
2851,1243,488,4
2852,1243,23,4
2853,1243,1,4
2854,1244,490,4
2855,1244,23,4
2856,1244,1,4
2857,1245,491,4
2858,1245,23,4
2859,1245,1,4
2860,1246,491,4
2861,1246,23,4
2862,1246,1,4
2863,1247,496,4
2864,1247,23,4
2865,1247,1,4
2866,1248,498,4
2867,1248,23,4
2868,1248,1,4
2869,1249,500,4
2870,1249,23,4
2871,1249,1,4
2872,1250,505,4
2873,1250,23,4
2874,1250,1,4
2875,1251,530,4
2876,1251,25,4
2877,1251,1,4
2878,1252,533,4
2879,1252,25,4
2880,1252,1,4
2881,1253,533,4
2882,1253,25,4
2883,1253,1,4
2884,1254,534,4
2885,1254,25,4
2886,1254,1,4
2887,1255,534,4
2888,1255,25,4
2889,1255,1,4
2890,1256,534,4
2891,1256,25,4
2892,1256,1,4
2893,1257,534,4
2894,1257,25,4
2895,1257,1,4
2896,1258,534,4
2897,1258,25,4
2898,1258,1,4
2899,1259,535,4
2900,1259,25,4
2901,1259,1,4
2902,1260,535,4
2903,1260,25,4
2904,1260,1,4
2905,1261,535,4
2906,1261,25,4
2907,1261,1,4
2908,1262,536,4
2909,1262,25,4
2910,1262,1,4
2911,1263,540,4
2912,1263,25,4
2913,1263,1,4
2914,1264,543,4
2915,1264,25,4
2916,1264,1,4
2917,1265,581,4
2918,1265,28,4
2919,1265,1,4
2920,1266,581,4
2921,1266,28,4
2922,1266,1,4
2923,1267,582,4
2924,1267,28,4
2925,1267,1,4
2926,1268,582,4
2927,1268,28,4
2928,1268,1,4
2929,1269,582,4
2930,1269,28,4
2931,1269,1,4
2932,1270,582,4
2933,1270,28,4
2934,1270,1,4
2935,1271,582,4
2936,1271,28,4
2937,1271,1,4
2938,1272,582,4
2939,1272,28,4
2940,1272,1,4
2941,1273,585,4
2942,1273,28,4
2943,1273,1,4
2944,1274,595,4
2945,1274,28,4
2946,1274,1,4
2947,1275,599,4
2948,1275,28,4
2949,1275,1,4
2950,1276,599,4
2951,1276,28,4
2952,1276,1,4
2953,1277,599,4
2954,1277,28,4
2955,1277,1,4
2956,1278,599,4
2957,1278,28,4
2958,1278,1,4
2959,1279,599,4
2960,1279,28,4
2961,1279,1,4
2962,1280,600,4
2963,1280,28,4
2964,1280,1,4
2965,1281,758,4
2966,1281,35,4
2967,1281,1,4
2968,1282,758,4
2969,1282,35,4
2970,1282,1,4
2971,1283,759,4
2972,1283,35,4
2973,1283,1,4
2974,1284,759,4
2975,1284,35,4
2976,1284,1,4
2977,1285,760,4
2978,1285,35,4
2979,1285,1,4
2980,1286,760,4
2981,1286,35,4
2982,1286,1,4
2983,1287,763,4
2984,1287,35,4
2985,1287,1,4
2986,1288,805,4
2987,1288,38,4
2988,1288,1,4
2989,1289,805,4
2990,1289,38,4
2991,1289,1,4
2992,1290,805,4
2993,1290,38,4
2994,1290,1,4
2995,1291,805,4
2996,1291,38,4
2997,1291,1,4
2998,1292,805,4
2999,1292,38,4
3000,1292,1,4
3001,1293,806,4
3002,1293,38,4
3003,1293,1,4
3004,1294,809,4
3005,1294,38,4
3006,1294,1,4
3007,1295,811,4
3008,1295,38,4
3009,1295,1,4
3010,1296,506,4
3011,1296,23,4
3012,1296,1,4
3013,1297,491,4
3014,1297,23,4
3015,1297,1,4
3016,1298,491,4
3017,1298,23,4
3018,1298,1,4
3019,1299,538,4
3020,1299,25,4
3021,1299,1,4
3022,1300,530,4
3023,1300,25,4
3024,1300,1,4
3025,1301,542,4
3026,1301,25,4
3027,1301,1,4
3028,1302,539,4
3029,1302,25,4
3030,1302,1,4
3031,1303,534,4
3032,1303,25,4
3033,1303,1,4
3034,1304,577,4
3035,1304,28,4
3036,1304,1,4
3037,1305,760,4
3038,1305,35,4
3039,1305,1,4
3040,1306,750,4
3041,1306,35,4
3042,1306,1,4
3043,1307,758,4
3044,1307,35,4
3045,1307,1,4
3046,1308,764,4
3047,1308,35,4
3048,1308,1,4
3049,1309,751,4
3050,1309,35,4
3051,1309,1,4
3052,1310,754,4
3053,1310,35,4
3054,1310,1,4
3055,1311,810,4
3056,1311,38,4
3057,1311,1,4
3058,1312,804,4
3059,1312,38,4
3060,1312,1,4
3061,1313,799,4
3062,1313,38,4
3063,1313,1,4
3064,1314,803,4
3065,1314,38,4
3066,1314,1,4
3067,1315,808,4
3068,1315,38,4
3069,1315,1,4
3070,1316,535,4
3071,1316,25,4
3072,1316,1,4
